{
  "weights": {
    "excited": 1.0499999999999998,
    "relax": 0.9499999999999998,
    "sleep": 1.0,
    "walk": 1.0499999999999998
  },
  "action_counts": {
    "excited": 10,
    "relax": 8,
    "sleep": 4,
    "walk": 7
  },
  "positive_feedback": {
    "excited": 3,
    "relax": 3,
    "sleep": 1,
    "walk": 1
  }
}