{
  "weights": {
    "excited": 1.0999999999999996,
    "relax": 0.95,
    "sleep": 1.0499999999999998,
    "walk": 0.8999999999999999
  },
  "action_counts": {
    "excited": 6,
    "relax": 1,
    "sleep": 3,
    "walk": 2
  },
  "positive_feedback": {
    "excited": 2,
    "relax": 0,
    "sleep": 1,
    "walk": 0
  }
}